[
  {
    "image": "https://gw.alicdn.com/imgextra/i4/2214249724330/O1CN014NLq0f1hrBnw9wxHk_!!2-item_pic.png_.webp",
    "introduce": "SCI发文章/EI会议评职称北大中文核心期刊省级CN普刊论文投稿翻译",
    "price": 50.00,
    "id": 0,
    "counter": 0
  },
  {
    "image": "https://gw.alicdn.com/imgextra/i2/2957472787/O1CN01Z4CRii1WSUfUgrPxF_!!0-item_pic.jpg_Q75.jpg_.webp",
    "introduce": "【论文 硕士便宜】MBA本科硕博士专科查重复率官网论文检测报告",
    "price": 50.00,
    "id": 1,
    "counter": 0
  },
  {
    "image": "https://gd1.alicdn.com/imgextra/i1/60075666/O1CN01k1iUIj1rj4oG1zWZv_!!60075666.jpg",
    "introduce": "【Bulygames】爆炸小黄人 中文小黄人版爆炸猫 休闲聚会欢乐桌游",
    "price": 198.00,
    "id": 2,
    "counter": 0
  },
  {
    "image": "https://gd3.alicdn.com/imgextra/i4/1840088272/O1CN01BMH9Ba2Ayd4gvCUTP_!!1840088272.jpg",
    "introduce": "初音未来痛包现货玩偶周边2023新品可爱体系列软笑容收纳miku正版",
    "price": 109.00,
    "id": 3,
    "counter": 0
  },
  {
    "image": "https://g-search3.alicdn.com/img/bao/uploaded/i4/i2/617953624/O1CN011P2bbi1cdpvvloSQD_!!617953624.jpg_460x460Q90.jpg_.webp",
    "introduce": "2020新款t恤女夏短袖宽松韩范学生百搭上衣简约大码bf风休闲半袖",
    "price": 78.00,
    "id": 4,
    "counter": 0
  },
  {
    "image": "https://g-search1.alicdn.com/img/bao/uploaded/i4/imgextra/i3/738710194/O1CN012rS4Zb1DItQk5AKni_!!0-saturn_solar.jpg_460x460Q90.jpg_.webp",
    "introduce": "蓝牙耳机双耳头戴式跑步挂耳挂脖不入耳可插卡一体式骨传导耳麦",
    "price": 299.00,
    "id": 5,
    "counter": 0
  },
  {
    "image": "https://g-search3.alicdn.com/img/bao/uploaded/i4/i4/2201482912275/O1CN01PMAtgd1SfzeZ3V8W3_!!0-item_pic.jpg_460x460Q90.jpg_.webp",
    "introduce": "Type-c耳机适用小米8/9华为荣耀高音质入耳式耳塞语音线控带麦",
    "price": 59.00,
    "id": 6,
    "counter": 0
  },
  {
    "image": "https://g-search3.alicdn.com/img/bao/uploaded/i4/i3/835893472/O1CN01lyBYFJ1bWDk3UjIEo_!!0-item_pic.jpg_460x460Q90.jpg_.webp",
    "introduce": "骨传导蓝牙耳机不入耳无线跑步运动型双耳头戴挂耳挂脖式",
    "price": 399.00,
    "id": 7,
    "counter": 0
  },
  {
    "image": "https://g-search1.alicdn.com/img/bao/uploaded/i4/i4/38522192/O1CN014WSqOl1S3yk3s1IxK_!!38522192.jpg_460x460Q90.jpg_.webp",
    "introduce": "ESSONIO骨传导耳机不入耳跑步骑行运动挂耳式自带内存无线蓝牙",
    "price": 1789.00,
    "id": 8,
    "counter": 0
  },
  {
    "image": "https://gd3.alicdn.com/imgextra/i1/820688566/O1CN01RsqS762D9HUSC555T_!!820688566.jpg",
    "introduce": "老胡的店碧蓝档案千年阿拜斯三一logo白洲梓苹果iPhone14手机壳套",
    "price": 35.8,
    "id": 9,
    "counter": 0
  },
  {
    "image": "https://gd3.alicdn.com/imgextra/i4/0/O1CN01KLQOhX1fzlqfZNHV2_!!0-item_pic.jpg",
    "introduce": "初音未来 美国洛杉矶演唱会 MIKUNOPOLIS in LOS ANGELES (DVD)",
    "price": 15,
    "id": 10,
    "counter": 0
  }
]